Version,Parallelization_method,Problem_scaling,Number_of_GPUs,Total_number_of_options,Number_of_paths,Init_time_ms,Execution_time_ms
baseline,threaded,weak,1,262144,262144,119.623,268.568
baseline,threaded,weak,1,262144,262144,120.193,267.632
baseline,threaded,weak,1,262144,262144,121.318,267.674
baseline,threaded,weak,1,262144,262144,120.352,268.28
baseline,streamed,weak,1,262144,262144,7.3433,268.438
baseline,streamed,weak,1,262144,262144,7.18509,269.016
baseline,streamed,weak,1,262144,262144,7.18248,268.54
baseline,streamed,weak,1,262144,262144,7.1808,268.438
baseline,streamed,weak,1,262144,262144,7.16569,268.569
baseline,threaded,strong,1,262144,262144,118.197,268.676
baseline,threaded,strong,1,262144,262144,120.414,268.523
baseline,threaded,strong,1,262144,262144,119.742,268.514
baseline,threaded,strong,1,262144,262144,120.082,269.333
baseline,threaded,strong,1,262144,262144,119.513,268.639
baseline,streamed,strong,1,262144,262144,7.30201,269.91
baseline,streamed,strong,1,262144,262144,7.0982,269.816
baseline,streamed,strong,1,262144,262144,7.18666,270.029
baseline,streamed,strong,1,262144,262144,7.24367,269.027
baseline,streamed,strong,1,262144,262144,7.32643,269.11
baseline,threaded,weak,1,1048576,262144,129.474,1078.29
baseline,threaded,weak,1,1048576,262144,129.907,1079.32
baseline,threaded,weak,1,1048576,262144,130.309,1080.82
baseline,threaded,weak,1,1048576,262144,132.448,1078.85
baseline,threaded,weak,1,1048576,262144,130.364,1079.57
baseline,streamed,weak,1,1048576,262144,21.6184,1088.45
baseline,streamed,weak,1,1048576,262144,18.2636,1083.95
baseline,streamed,weak,1,1048576,262144,17.9866,1085.51
baseline,streamed,weak,1,1048576,262144,18.9897,1090.68
baseline,streamed,weak,1,1048576,262144,19.391,1090.26
baseline,threaded,strong,1,1048576,262144,131.439,1087.94
baseline,threaded,strong,1,1048576,262144,130.6,1090.28
baseline,threaded,strong,1,1048576,262144,129.018,1087.37
baseline,threaded,strong,1,1048576,262144,140.858,1089.99
baseline,threaded,strong,1,1048576,262144,130.902,1090.01
baseline,streamed,strong,1,1048576,262144,17.6415,1093.6
baseline,streamed,strong,1,1048576,262144,18.4087,1095.24
baseline,streamed,strong,1,1048576,262144,18.1753,1101.69
baseline,streamed,strong,1,1048576,262144,17.9173,1099.77
baseline,streamed,strong,1,1048576,262144,18.7537,1130.17
baseline,threaded,weak,1,16777216,262144,370.155,17682.9
baseline,threaded,weak,1,16777216,262144,369.976,17692.7
baseline,threaded,weak,1,16777216,262144,370.678,17708.7
baseline,threaded,weak,1,16777216,262144,372.929,17697.2
baseline,threaded,weak,1,16777216,262144,374.148,17706
baseline,streamed,weak,1,16777216,262144,260.097,17748.2
baseline,streamed,weak,1,16777216,262144,270.237,17782.3
baseline,streamed,weak,1,16777216,262144,298.476,17893.9
baseline,streamed,weak,1,16777216,262144,337.27,17709.4
baseline,streamed,weak,1,16777216,262144,270.04,17768.1
baseline,threaded,strong,1,16777216,262144,382.439,17723.7
baseline,threaded,strong,1,16777216,262144,376.32,17736.8
baseline,threaded,strong,1,16777216,262144,393.595,17819.7
baseline,threaded,strong,1,16777216,262144,428.05,17645.1
baseline,threaded,strong,1,16777216,262144,400.771,17706.6
baseline,streamed,strong,1,16777216,262144,259.436,17719.8
baseline,streamed,strong,1,16777216,262144,258.017,17728
baseline,streamed,strong,1,16777216,262144,258.683,17728.5
baseline,streamed,strong,1,16777216,262144,258.431,17710.8
baseline,streamed,strong,1,16777216,262144,258.382,17713.5
baseline,threaded,weak,1,67108864,262144,1123.26,2053.09
baseline,threaded,weak,1,67108864,262144,1128.93,2051.58
baseline,threaded,weak,1,67108864,262144,1123.97,2051.58
baseline,threaded,weak,1,67108864,262144,1142.06,2052.81
baseline,threaded,weak,1,67108864,262144,1122.22,2048.65
baseline,streamed,weak,1,67108864,262144,1008.51,2072.27
baseline,streamed,weak,1,67108864,262144,1010.14,2043.54
baseline,streamed,weak,1,67108864,262144,1012.39,2052.88
baseline,streamed,weak,1,67108864,262144,1010.39,2053.05
baseline,streamed,weak,1,67108864,262144,1005.21,2044.58
baseline,threaded,strong,1,67108864,262144,1145.12,2052.23
baseline,threaded,strong,1,67108864,262144,1124.54,2048.64
baseline,threaded,strong,1,67108864,262144,1130.99,2050.75
baseline,threaded,strong,1,67108864,262144,1124.76,2047.28
baseline,threaded,strong,1,67108864,262144,1126.73,2051.61
baseline,streamed,strong,1,67108864,262144,1010.22,2044.13
baseline,streamed,strong,1,67108864,262144,1011.91,2043.37
baseline,streamed,strong,1,67108864,262144,1011.29,2049.72
baseline,streamed,strong,1,67108864,262144,1011.58,2274.28
baseline,streamed,strong,1,67108864,262144,1011.75,2084.14
baseline,threaded,weak,2,524288,262144,191.322,272.607
baseline,threaded,weak,2,524288,262144,203.118,270.61
baseline,threaded,weak,2,524288,262144,192.06,270.71
baseline,threaded,weak,2,524288,262144,190.799,271.277
baseline,threaded,weak,2,524288,262144,190.473,271.262
baseline,streamed,weak,2,524288,262144,13.7403,280.771
baseline,streamed,weak,2,524288,262144,13.6665,279.042
baseline,streamed,weak,2,524288,262144,13.7408,279.204
baseline,streamed,weak,2,524288,262144,13.6236,279.105
baseline,streamed,weak,2,524288,262144,13.6779,279.071
baseline,threaded,strong,2,262144,262144,188.089,137.935
baseline,threaded,strong,2,262144,262144,197.481,137.528
baseline,threaded,strong,2,262144,262144,196.799,138.032
baseline,threaded,strong,2,262144,262144,189.51,138.418
baseline,threaded,strong,2,262144,262144,192.345,138.317
baseline,streamed,strong,2,262144,262144,10.7422,142.015
baseline,streamed,strong,2,262144,262144,10.7496,143.352
baseline,streamed,strong,2,262144,262144,10.7285,142.224
baseline,streamed,strong,2,262144,262144,10.7976,146.268
baseline,streamed,strong,2,262144,262144,10.723,142.105
baseline,threaded,weak,2,2097152,262144,222.884,1087.25
baseline,threaded,weak,2,2097152,262144,232.321,1078.17
baseline,threaded,weak,2,2097152,262144,216.176,1079.64
baseline,threaded,weak,2,2097152,262144,227.856,1078.84
baseline,threaded,weak,2,2097152,262144,215.731,1078.44
baseline,streamed,weak,2,2097152,262144,38.9801,1120.55
baseline,streamed,weak,2,2097152,262144,39.7253,1123.61
baseline,streamed,weak,2,2097152,262144,39.6266,1121.92
baseline,streamed,weak,2,2097152,262144,39.034,1122.13
baseline,streamed,weak,2,2097152,262144,38.9282,1124.2
baseline,threaded,strong,2,1048576,262144,200.993,556.809
baseline,threaded,strong,2,1048576,262144,205.188,545.249
baseline,threaded,strong,2,1048576,262144,224.371,544.936
baseline,threaded,strong,2,1048576,262144,228.282,550.651
baseline,threaded,strong,2,1048576,262144,243.334,545.425
baseline,streamed,strong,2,1048576,262144,22.1362,563.428
baseline,streamed,strong,2,1048576,262144,22.2627,562.593
baseline,streamed,strong,2,1048576,262144,22.2264,565.22
baseline,streamed,strong,2,1048576,262144,22.245,563.766
baseline,streamed,strong,2,1048576,262144,22.4053,564.999
baseline,threaded,weak,2,33554432,262144,754.722,17906.3
baseline,threaded,weak,2,33554432,262144,729.246,17689.8
baseline,threaded,weak,2,33554432,262144,699.21,17867.4
baseline,threaded,weak,2,33554432,262144,710.822,17922.6
baseline,threaded,weak,2,33554432,262144,707.39,17730.4
baseline,streamed,weak,2,33554432,262144,529.533,18084.6
baseline,streamed,weak,2,33554432,262144,529.909,18159.1
baseline,streamed,weak,2,33554432,262144,528.972,18121.8
baseline,streamed,weak,2,33554432,262144,530.009,18146.9
baseline,streamed,weak,2,33554432,262144,528.608,17923.1
baseline,threaded,strong,2,16777216,262144,446.527,8904.39
baseline,threaded,strong,2,16777216,262144,445.66,8931.06
baseline,threaded,strong,2,16777216,262144,449.445,8962.61
baseline,threaded,strong,2,16777216,262144,448.459,8894.91
baseline,threaded,strong,2,16777216,262144,466.322,8898.7
baseline,streamed,strong,2,16777216,262144,272.521,9104.83
baseline,streamed,strong,2,16777216,262144,270.781,9080.26
baseline,streamed,strong,2,16777216,262144,270.13,9064.8
baseline,streamed,strong,2,16777216,262144,270.415,9073.19
baseline,streamed,strong,2,16777216,262144,270.192,9068.65
baseline,threaded,weak,2,134217728,262144,2281.47,3123.98
baseline,threaded,weak,2,134217728,262144,2269.91,3091.83
baseline,threaded,weak,2,134217728,262144,2276.47,3111.38
baseline,threaded,weak,2,134217728,262144,2263.32,3092.08
baseline,threaded,weak,2,134217728,262144,2290.14,3107.88
baseline,streamed,weak,2,134217728,262144,2095.41,4112.96
baseline,streamed,weak,2,134217728,262144,2082.47,4106.35
baseline,streamed,weak,2,134217728,262144,2094.7,4115.15
baseline,streamed,weak,2,134217728,262144,2086.22,4142.82
baseline,streamed,weak,2,134217728,262144,2093.55,4118.24
baseline,threaded,strong,2,67108864,262144,1239.19,35322.9
baseline,threaded,strong,2,67108864,262144,1277.99,35417.4
baseline,threaded,strong,2,67108864,262144,1243.71,35853.3
baseline,threaded,strong,2,67108864,262144,1534.89,35506.5
baseline,threaded,strong,2,67108864,262144,1313.46,35307.4
baseline,streamed,strong,2,67108864,262144,1082.4,36089.7
baseline,streamed,strong,2,67108864,262144,1078.98,36293.1
baseline,streamed,strong,2,67108864,262144,1108.33,35997.2
baseline,streamed,strong,2,67108864,262144,1047.89,36236.1
baseline,streamed,strong,2,67108864,262144,1052.47,36121.5
UMv3,streamed,weak,1,262144,262144,3.2952,267.863
UMv3,streamed,weak,1,262144,262144,3.32629,269.08
UMv3,streamed,weak,1,262144,262144,3.36644,267.834
UMv3,streamed,weak,1,262144,262144,3.35072,267.948
UMv3,streamed,weak,1,262144,262144,3.36866,268.143
UMv3,streamed,weak,1,262144,262144,3.35291,267.698
UMv3,threaded,weak,1,262144,262144,116.43,267.835
UMv3,threaded,weak,1,262144,262144,116.74,267.922
UMv3,threaded,weak,1,262144,262144,115.936,267.948
UMv3,threaded,weak,1,262144,262144,116.968,267.687
UMv3,threaded,weak,1,262144,262144,116.776,267.729
UMv3,threaded,weak,1,262144,262144,116.21,269.126
UMv3,streamed,strong,1,262144,262144,3.32583,268.566
UMv3,streamed,strong,1,262144,262144,3.33913,270.357
UMv3,streamed,strong,1,262144,262144,3.39498,270.426
UMv3,streamed,strong,1,262144,262144,3.37218,270.454
UMv3,streamed,strong,1,262144,262144,3.38714,270.315
UMv3,streamed,strong,1,262144,262144,3.36312,270.62
UMv3,threaded,strong,1,262144,262144,116.631,268.916
UMv3,threaded,strong,1,262144,262144,115.941,269.584
UMv3,threaded,strong,1,262144,262144,116.163,269.324
UMv3,threaded,strong,1,262144,262144,116.774,269.431
UMv3,threaded,strong,1,262144,262144,115.968,269.362
UMv3,threaded,strong,1,262144,262144,117.158,269.515
UMv3,streamed,weak,1,1048576,262144,3.4322,1075.23
UMv3,streamed,weak,1,1048576,262144,3.34952,1075.89
UMv3,streamed,weak,1,1048576,262144,3.36499,1080.62
UMv3,streamed,weak,1,1048576,262144,3.4286,1085.72
UMv3,streamed,weak,1,1048576,262144,3.37198,1086.28
UMv3,streamed,weak,1,1048576,262144,3.44508,1084.18
UMv3,threaded,weak,1,1048576,262144,117.641,1084.62
UMv3,threaded,weak,1,1048576,262144,116.848,1084.77
UMv3,threaded,weak,1,1048576,262144,116.896,1085.12
UMv3,threaded,weak,1,1048576,262144,116.914,1084.88
UMv3,threaded,weak,1,1048576,262144,120.665,1084.97
UMv3,threaded,weak,1,1048576,262144,116.929,1086.7
UMv3,streamed,strong,1,1048576,262144,3.39201,1090.52
UMv3,streamed,strong,1,1048576,262144,3.39428,1092.42
UMv3,streamed,strong,1,1048576,262144,3.39361,1093.96
UMv3,streamed,strong,1,1048576,262144,3.44258,1096.12
UMv3,streamed,strong,1,1048576,262144,3.39832,1094.64
UMv3,streamed,strong,1,1048576,262144,3.38458,1094.27
UMv3,threaded,strong,1,1048576,262144,127.742,1094.12
UMv3,threaded,strong,1,1048576,262144,116.975,1093.86
UMv3,threaded,strong,1,1048576,262144,116.493,1095.84
UMv3,threaded,strong,1,1048576,262144,117.139,1096.25
UMv3,threaded,strong,1,1048576,262144,117.436,1097.52
UMv3,threaded,strong,1,1048576,262144,117.066,1098.91
UMv3,streamed,weak,1,16777216,262144,3.48928,17688.2
UMv3,streamed,weak,1,16777216,262144,3.37244,17762.4
UMv3,streamed,weak,1,16777216,262144,3.71513,17801.8
UMv3,streamed,weak,1,16777216,262144,3.47529,17786.7
UMv3,streamed,weak,1,16777216,262144,3.52022,17778.9
UMv3,streamed,weak,1,16777216,262144,3.47736,17799.2
UMv3,threaded,weak,1,16777216,262144,115.9,17812.3
UMv3,threaded,weak,1,16777216,262144,115.146,17817.3
UMv3,threaded,weak,1,16777216,262144,114.433,17807
UMv3,threaded,weak,1,16777216,262144,114.56,17808.6
UMv3,threaded,weak,1,16777216,262144,114.333,17810.3
UMv3,threaded,weak,1,16777216,262144,114.375,17806.4
UMv3,streamed,strong,1,16777216,262144,3.39285,17831.6
UMv3,streamed,strong,1,16777216,262144,3.8083,17833.6
UMv3,streamed,strong,1,16777216,262144,3.52901,17804.8
UMv3,streamed,strong,1,16777216,262144,3.49361,17818.7
UMv3,streamed,strong,1,16777216,262144,3.39242,17825.9
UMv3,streamed,strong,1,16777216,262144,3.73982,17850.4
UMv3,threaded,strong,1,16777216,262144,115.177,17822.4
UMv3,threaded,strong,1,16777216,262144,119.678,17866.6
UMv3,threaded,strong,1,16777216,262144,114.563,17826.1
UMv3,threaded,strong,1,16777216,262144,114.398,17785.7
UMv3,threaded,strong,1,16777216,262144,114.821,17826.9
UMv3,threaded,strong,1,16777216,262144,117.616,17829.7
UMv3,streamed,weak,1,67108864,262144,3.8054,71647.6
UMv3,streamed,weak,1,67108864,262144,3.8125,71452.6
UMv3,streamed,weak,1,67108864,262144,3.80034,71423.8
UMv3,streamed,weak,1,67108864,262144,3.79908,71577.7
UMv3,streamed,weak,1,67108864,262144,3.86447,71227
UMv3,streamed,weak,1,67108864,262144,3.78144,71239.7
UMv3,threaded,weak,1,67108864,262144,118.187,71233.4
UMv3,threaded,weak,1,67108864,262144,119.1,71228.6
UMv3,threaded,weak,1,67108864,262144,120.27,71230.5
UMv3,threaded,weak,1,67108864,262144,126.945,71331.6
UMv3,threaded,weak,1,67108864,262144,130.712,71336.8
UMv3,threaded,weak,1,67108864,262144,124.989,71385.5
UMv3,streamed,strong,1,67108864,262144,3.80296,71419.1
UMv3,streamed,strong,1,67108864,262144,3.80223,71382.6
UMv3,streamed,strong,1,67108864,262144,3.78304,71306.8
UMv3,streamed,strong,1,67108864,262144,3.7815,71270.1
UMv3,streamed,strong,1,67108864,262144,3.80325,71273.7
UMv3,streamed,strong,1,67108864,262144,3.78591,71298.3
UMv3,threaded,strong,1,67108864,262144,121.119,71271.2
UMv3,threaded,strong,1,67108864,262144,119.894,71275.4
UMv3,threaded,strong,1,67108864,262144,119.327,71308.7
UMv3,threaded,strong,1,67108864,262144,126.116,71281.3
UMv3,threaded,strong,1,67108864,262144,119.95,71247.7
UMv3,threaded,strong,1,67108864,262144,122.274,71288.5
UMv3,streamed,weak,2,524288,262144,4.36363,287.212
UMv3,streamed,weak,2,524288,262144,4.36396,287.351
UMv3,streamed,weak,2,524288,262144,4.32931,286.171
UMv3,streamed,weak,2,524288,262144,4.38139,286.033
UMv3,streamed,weak,2,524288,262144,4.33633,287.931
UMv3,streamed,weak,2,524288,262144,4.32645,285.345
UMv3,threaded,weak,2,524288,262144,201.808,309.953
UMv3,threaded,weak,2,524288,262144,186.891,280.438
UMv3,threaded,weak,2,524288,262144,188.508,276.906
UMv3,threaded,weak,2,524288,262144,210.784,277.226
UMv3,threaded,weak,2,524288,262144,187.431,287.01
UMv3,threaded,weak,2,524288,262144,187.465,279.915
UMv3,streamed,strong,2,262144,262144,4.38289,144.245
UMv3,streamed,strong,2,262144,262144,4.36479,144.885
UMv3,streamed,strong,2,262144,262144,4.36202,145.016
UMv3,streamed,strong,2,262144,262144,4.31911,144.775
UMv3,streamed,strong,2,262144,262144,4.38823,148.441
UMv3,streamed,strong,2,262144,262144,4.43921,147.922
UMv3,threaded,strong,2,262144,262144,206.164,140.57
UMv3,threaded,strong,2,262144,262144,194.93,140.323
UMv3,threaded,strong,2,262144,262144,188.932,140.103
UMv3,threaded,strong,2,262144,262144,188.517,141.917
UMv3,threaded,strong,2,262144,262144,194.661,140.703
UMv3,threaded,strong,2,262144,262144,188.396,140.584
UMv3,streamed,weak,2,2097152,262144,4.33998,1142.16
UMv3,streamed,weak,2,2097152,262144,4.36821,1141.83
UMv3,streamed,weak,2,2097152,262144,4.41182,1142.2
UMv3,streamed,weak,2,2097152,262144,4.42154,1145.24
UMv3,streamed,weak,2,2097152,262144,4.34978,1145.9
UMv3,streamed,weak,2,2097152,262144,4.39303,1148.32
UMv3,threaded,weak,2,2097152,262144,195.063,1109.69
UMv3,threaded,weak,2,2097152,262144,196.76,1114.04
UMv3,threaded,weak,2,2097152,262144,185.466,1117.46
UMv3,threaded,weak,2,2097152,262144,210.727,1112.92
UMv3,threaded,weak,2,2097152,262144,198.802,1112.34
UMv3,threaded,weak,2,2097152,262144,193.038,1113.81
UMv3,streamed,strong,2,1048576,262144,4.44122,577.948
UMv3,streamed,strong,2,1048576,262144,4.36609,577.343
UMv3,streamed,strong,2,1048576,262144,4.3486,579.749
UMv3,streamed,strong,2,1048576,262144,4.42294,579.259
UMv3,streamed,strong,2,1048576,262144,4.50031,579.429
UMv3,streamed,strong,2,1048576,262144,4.45211,579.403
UMv3,threaded,strong,2,1048576,262144,207.538,556.272
UMv3,threaded,strong,2,1048576,262144,185.852,568.37
UMv3,threaded,strong,2,1048576,262144,204.586,557.408
UMv3,threaded,strong,2,1048576,262144,194.186,558.675
UMv3,threaded,strong,2,1048576,262144,198.496,558.304
UMv3,threaded,strong,2,1048576,262144,199.119,559.101
UMv3,streamed,weak,2,33554432,262144,4.4916,18622.9
UMv3,streamed,weak,2,33554432,262144,4.82315,18633.9
UMv3,streamed,weak,2,33554432,262144,4.39354,18593.8
UMv3,streamed,weak,2,33554432,262144,4.74143,18645
UMv3,streamed,weak,2,33554432,262144,4.47623,18437.2
UMv3,streamed,weak,2,33554432,262144,4.75862,18583.1
UMv3,threaded,weak,2,33554432,262144,211.458,17914.4
UMv3,threaded,weak,2,33554432,262144,202.083,17968.7
UMv3,threaded,weak,2,33554432,262144,198.3,18042
UMv3,threaded,weak,2,33554432,262144,194.915,17763.2
UMv3,threaded,weak,2,33554432,262144,191.013,17933.9
UMv3,threaded,weak,2,33554432,262144,183.02,17916
UMv3,streamed,strong,2,16777216,262144,4.42009,9354.95
UMv3,streamed,strong,2,16777216,262144,4.37045,9328.66
UMv3,streamed,strong,2,16777216,262144,4.44014,9342.08
UMv3,streamed,strong,2,16777216,262144,4.77426,9358.23
UMv3,streamed,strong,2,16777216,262144,4.49471,9372.99
UMv3,streamed,strong,2,16777216,262144,4.3697,9313.32
UMv3,threaded,strong,2,16777216,262144,182.723,9000.37
UMv3,threaded,strong,2,16777216,262144,184.382,8996.75
UMv3,threaded,strong,2,16777216,262144,183.692,8984.87
UMv3,threaded,strong,2,16777216,262144,202.997,8980.11
UMv3,threaded,strong,2,16777216,262144,184.652,8979.83
UMv3,threaded,strong,2,16777216,262144,184.384,8996.96
UMv3,streamed,weak,2,134217728,262144,4.82573,75299.7
UMv3,streamed,weak,2,134217728,262144,4.78072,74720
UMv3,streamed,weak,2,134217728,262144,4.75944,74567.8
UMv3,streamed,weak,2,134217728,262144,4.75078,74377.6
UMv3,streamed,weak,2,134217728,262144,4.72466,74458.1
UMv3,streamed,weak,2,134217728,262144,4.8149,74402
UMv3,threaded,weak,2,134217728,262144,191.556,72342.1
UMv3,threaded,weak,2,134217728,262144,197.601,71617.1
UMv3,threaded,weak,2,134217728,262144,192.142,71611.8
UMv3,threaded,weak,2,134217728,262144,208.431,71719.4
UMv3,threaded,weak,2,134217728,262144,218.382,71602.5
UMv3,threaded,weak,2,134217728,262144,196.309,71694.1
UMv3,streamed,strong,2,67108864,262144,4.75413,37273.8
UMv3,streamed,strong,2,67108864,262144,4.78942,37134.8
UMv3,streamed,strong,2,67108864,262144,4.76618,37312.6
UMv3,streamed,strong,2,67108864,262144,4.78023,37035.6
UMv3,streamed,strong,2,67108864,262144,4.78389,37302.5
UMv2,threaded,weak,1,262144,262144,116.526,269.843
UMv2,threaded,weak,1,262144,262144,115.576,268.294
UMv2,threaded,weak,1,262144,262144,115.667,267.712
UMv2,threaded,weak,1,262144,262144,114.715,267.666
UMv2,threaded,weak,1,262144,262144,114.236,267.498
UMv2,streamed,weak,1,262144,262144,5.25312,267.548
UMv2,streamed,weak,1,262144,262144,5.13516,267.544
UMv2,streamed,weak,1,262144,262144,5.65227,267.631
UMv2,streamed,weak,1,262144,262144,5.24182,267.564
UMv2,streamed,weak,1,262144,262144,5.27922,267.697
UMv2,threaded,strong,1,262144,262144,113.383,267.542
UMv2,threaded,strong,1,262144,262144,123.014,267.601
UMv2,threaded,strong,1,262144,262144,131.205,271.764
UMv2,threaded,strong,1,262144,262144,114.574,267.649
UMv2,threaded,strong,1,262144,262144,114.382,267.556
UMv2,streamed,strong,1,262144,262144,5.21747,267.689
UMv2,streamed,strong,1,262144,262144,5.2532,267.613
UMv2,streamed,strong,1,262144,262144,5.17285,268.055
UMv2,streamed,strong,1,262144,262144,5.16111,267.672
UMv2,streamed,strong,1,262144,262144,5.12939,267.577
UMv2,threaded,weak,1,1048576,262144,114.159,1067.8
UMv2,threaded,weak,1,1048576,262144,126.29,1072.46
UMv2,threaded,weak,1,1048576,262144,113.949,1073.04
UMv2,threaded,weak,1,1048576,262144,115.759,1075.04
UMv2,threaded,weak,1,1048576,262144,114.63,1075.85
UMv2,streamed,weak,1,1048576,262144,5.23116,1076.31
UMv2,streamed,weak,1,1048576,262144,5.22771,1077
UMv2,streamed,weak,1,1048576,262144,5.26991,1074.99
UMv2,streamed,weak,1,1048576,262144,5.28317,1075.62
UMv2,streamed,weak,1,1048576,262144,5.19187,1078.08
UMv2,threaded,strong,1,1048576,262144,114.536,1083.01
UMv2,threaded,strong,1,1048576,262144,116.184,1084.08
UMv2,threaded,strong,1,1048576,262144,114.358,1084.27
UMv2,threaded,strong,1,1048576,262144,114.484,1085
UMv2,threaded,strong,1,1048576,262144,115.304,1086.01
UMv2,streamed,strong,1,1048576,262144,5.70785,1084.46
UMv2,streamed,strong,1,1048576,262144,5.29254,1085.03
UMv2,streamed,strong,1,1048576,262144,6.37211,1086.32
UMv2,streamed,strong,1,1048576,262144,5.17379,1087.33
UMv2,streamed,strong,1,1048576,262144,5.0588,1087
UMv2,threaded,weak,1,16777216,262144,120.153,17718.8
UMv2,threaded,weak,1,16777216,262144,115.041,17727.5
UMv2,threaded,weak,1,16777216,262144,115.967,17786.4
UMv2,threaded,weak,1,16777216,262144,116.379,17834.3
UMv2,threaded,weak,1,16777216,262144,116.272,17813.5
UMv2,streamed,weak,1,16777216,262144,5.44449,17864.2
UMv2,streamed,weak,1,16777216,262144,5.33925,17827
UMv2,streamed,weak,1,16777216,262144,5.24001,17829.5
UMv2,streamed,weak,1,16777216,262144,5.37798,17852.7
UMv2,streamed,weak,1,16777216,262144,5.40416,17844.3
UMv2,threaded,strong,1,16777216,262144,129.693,17857.3
UMv2,threaded,strong,1,16777216,262144,115.89,17838.9
UMv2,threaded,strong,1,16777216,262144,114.639,17836.8
UMv2,threaded,strong,1,16777216,262144,114.968,17855.8
UMv2,threaded,strong,1,16777216,262144,116.585,17837.9
UMv2,streamed,strong,1,16777216,262144,5.68677,17869.3
UMv2,streamed,strong,1,16777216,262144,5.30234,17841.2
UMv2,streamed,strong,1,16777216,262144,5.08085,17840.5
UMv2,streamed,strong,1,16777216,262144,5.3811,17866.7
UMv2,streamed,strong,1,16777216,262144,5.29299,17845.1
UMv2,threaded,weak,1,67108864,262144,126.152,71357.8
UMv2,threaded,weak,1,67108864,262144,122.006,71384
UMv2,threaded,weak,1,67108864,262144,126.857,71421.2
UMv2,threaded,weak,1,67108864,262144,128.597,71411.9
UMv2,threaded,weak,1,67108864,262144,123.024,71350.4
UMv2,streamed,weak,1,67108864,262144,5.63961,71382.2
UMv2,streamed,weak,1,67108864,262144,5.49112,71378.7
UMv2,streamed,weak,1,67108864,262144,5.45175,71364.8
UMv2,streamed,weak,1,67108864,262144,5.61957,71355.6
UMv2,streamed,weak,1,67108864,262144,5.4476,71379.1
UMv2,threaded,strong,1,67108864,262144,122.088,71373.4
UMv2,threaded,strong,1,67108864,262144,122.025,71377.9
UMv2,threaded,strong,1,67108864,262144,121.568,71369.1
UMv2,threaded,strong,1,67108864,262144,121.437,71384.7
UMv2,threaded,strong,1,67108864,262144,121.265,71355.9
UMv2,streamed,strong,1,67108864,262144,5.52449,71352.2
UMv2,streamed,strong,1,67108864,262144,5.70577,71366.4
UMv2,streamed,strong,1,67108864,262144,5.50096,71521
UMv2,streamed,strong,1,67108864,262144,5.44995,71360.7
UMv2,streamed,strong,1,67108864,262144,5.46693,71370.9
UMv2,threaded,weak,2,524288,262144,218.886,277.796
UMv2,threaded,weak,2,524288,262144,186.759,278.523
UMv2,threaded,weak,2,524288,262144,205.606,278.779
UMv2,threaded,weak,2,524288,262144,191.122,278.934
UMv2,threaded,weak,2,524288,262144,186.332,278.553
UMv2,streamed,weak,2,524288,262144,5.97695,288.361
UMv2,streamed,weak,2,524288,262144,5.87251,286.629
UMv2,streamed,weak,2,524288,262144,5.92917,288.748
UMv2,streamed,weak,2,524288,262144,5.8055,288.269
UMv2,streamed,weak,2,524288,262144,5.98978,286.97
UMv2,threaded,strong,2,262144,262144,199.358,141.095
UMv2,threaded,strong,2,262144,262144,182.377,141.284
UMv2,threaded,strong,2,262144,262144,193.441,140.272
UMv2,threaded,strong,2,262144,262144,185.942,143.243
UMv2,threaded,strong,2,262144,262144,186.067,141.37
UMv2,streamed,strong,2,262144,262144,7.08375,145.295
UMv2,streamed,strong,2,262144,262144,5.95942,144.353
UMv2,streamed,strong,2,262144,262144,5.99383,146.538
UMv2,streamed,strong,2,262144,262144,5.92059,144.959
UMv2,streamed,strong,2,262144,262144,5.9416,144.388
UMv2,threaded,weak,2,2097152,262144,233.838,1110.89
UMv2,threaded,weak,2,2097152,262144,185.432,1118.42
UMv2,threaded,weak,2,2097152,262144,185.324,1119.25
UMv2,threaded,weak,2,2097152,262144,183.073,1115.08
UMv2,threaded,weak,2,2097152,262144,181.248,1112.95
UMv2,streamed,weak,2,2097152,262144,6.2408,1145.21
UMv2,streamed,weak,2,2097152,262144,7.75634,1173.2
UMv2,streamed,weak,2,2097152,262144,5.89029,1145.48
UMv2,streamed,weak,2,2097152,262144,6.5084,1142.67
UMv2,streamed,weak,2,2097152,262144,5.95717,1146.18
UMv2,threaded,strong,2,1048576,262144,197.748,556.539
UMv2,threaded,strong,2,1048576,262144,196.431,558.389
UMv2,threaded,strong,2,1048576,262144,188.182,558.496
UMv2,threaded,strong,2,1048576,262144,195.297,555.872
UMv2,threaded,strong,2,1048576,262144,205.318,556.968
UMv2,streamed,strong,2,1048576,262144,6.17025,575.685
UMv2,streamed,strong,2,1048576,262144,10.9878,573.665
UMv2,streamed,strong,2,1048576,262144,6.88047,572.607
UMv2,streamed,strong,2,1048576,262144,6.08832,572.048
UMv2,streamed,strong,2,1048576,262144,6.98324,574.117
UMv2,threaded,weak,2,33554432,262144,183.893,17913.9
UMv2,threaded,weak,2,33554432,262144,205.625,17934.5
UMv2,threaded,weak,2,33554432,262144,197.762,17946.8
UMv2,threaded,weak,2,33554432,262144,193.157,17722.7
UMv2,threaded,weak,2,33554432,262144,181.204,17818
UMv2,streamed,weak,2,33554432,262144,6.12687,18338.3
UMv2,streamed,weak,2,33554432,262144,6.30604,18350.2
UMv2,streamed,weak,2,33554432,262144,5.95242,18155.8
UMv2,streamed,weak,2,33554432,262144,7.07272,18271
UMv2,streamed,weak,2,33554432,262144,5.96025,18363.7
UMv2,threaded,strong,2,16777216,262144,185.68,8849.74
UMv2,threaded,strong,2,16777216,262144,194.594,8870.17
UMv2,threaded,strong,2,16777216,262144,183.51,8883.09
UMv2,threaded,strong,2,16777216,262144,182.359,8928.18
UMv2,threaded,strong,2,16777216,262144,182.19,8933.3
UMv2,streamed,strong,2,16777216,262144,5.74456,9139.77
UMv2,streamed,strong,2,16777216,262144,6.42073,9174.28
UMv2,streamed,strong,2,16777216,262144,7.0224,9154.65
UMv2,streamed,strong,2,16777216,262144,6.03088,9158.54
UMv2,streamed,strong,2,16777216,262144,6.10411,9142.77
UMv2,threaded,weak,2,134217728,262144,205.157,71064.7
UMv2,threaded,weak,2,134217728,262144,193.836,71097.3
UMv2,threaded,weak,2,134217728,262144,197.603,71173.7
UMv2,threaded,weak,2,134217728,262144,203.701,71084
UMv2,threaded,weak,2,134217728,262144,193.295,71077.9
UMv2,streamed,weak,2,134217728,262144,6.16868,73075
UMv2,streamed,weak,2,134217728,262144,6.28605,73103.8
UMv2,streamed,weak,2,134217728,262144,6.13471,73073.4
UMv2,streamed,weak,2,134217728,262144,6.15206,73034.2
UMv2,streamed,weak,2,134217728,262144,6.23042,73063.5
UMv2,threaded,strong,2,67108864,262144,203.695,35428.8
UMv2,threaded,strong,2,67108864,262144,204.007,35631.1
UMv2,threaded,strong,2,67108864,262144,190.653,35600.1
UMv2,threaded,strong,2,67108864,262144,190.834,35388.9
UMv2,threaded,strong,2,67108864,262144,193.62,35732.8
UMv2,streamed,strong,2,67108864,262144,6.12351,36561.5
UMv2,streamed,strong,2,67108864,262144,6.18121,36418.9
UMv2,streamed,strong,2,67108864,262144,6.29354,36629.3
UMv2,streamed,strong,2,67108864,262144,6.21238,36608.6
UMv2,streamed,strong,2,67108864,262144,6.17882,36652.7
UMv1,threaded,weak,1,262144,262144,115.424,283.395
UMv1,threaded,weak,1,262144,262144,114.295,268.588
UMv1,threaded,weak,1,262144,262144,114.729,268.61
UMv1,threaded,weak,1,262144,262144,117.242,268.359
UMv1,threaded,weak,1,262144,262144,114.018,267.809
UMv1,streamed,weak,1,262144,262144,3.38203,267.817
UMv1,streamed,weak,1,262144,262144,3.35315,268.071
UMv1,streamed,weak,1,262144,262144,3.36574,268.114
UMv1,streamed,weak,1,262144,262144,3.34293,268.144
UMv1,streamed,weak,1,262144,262144,3.37502,269.072
UMv1,threaded,strong,1,262144,262144,115.023,267.829
UMv1,threaded,strong,1,262144,262144,121.733,268.118
UMv1,threaded,strong,1,262144,262144,121.998,268.06
UMv1,threaded,strong,1,262144,262144,116.28,268.078
UMv1,threaded,strong,1,262144,262144,115.905,267.773
UMv1,streamed,strong,1,262144,262144,3.33368,268.094
UMv1,streamed,strong,1,262144,262144,3.34037,267.808
UMv1,streamed,strong,1,262144,262144,3.31878,267.915
UMv1,streamed,strong,1,262144,262144,3.33619,267.922
UMv1,streamed,strong,1,262144,262144,3.34844,267.847
UMv1,threaded,weak,1,1048576,262144,114.789,1069.73
UMv1,threaded,weak,1,1048576,262144,116.277,1072.17
UMv1,threaded,weak,1,1048576,262144,113.87,1072.88
UMv1,threaded,weak,1,1048576,262144,127.811,1072.42
UMv1,threaded,weak,1,1048576,262144,114.638,1075.13
UMv1,streamed,weak,1,1048576,262144,3.29021,1073.94
UMv1,streamed,weak,1,1048576,262144,3.355,1078.17
UMv1,streamed,weak,1,1048576,262144,3.35127,1075.06
UMv1,streamed,weak,1,1048576,262144,3.34078,1074.64
UMv1,streamed,weak,1,1048576,262144,3.62187,1079.61
UMv1,threaded,strong,1,1048576,262144,114.674,1083.76
UMv1,threaded,strong,1,1048576,262144,124.655,1084.62
UMv1,threaded,strong,1,1048576,262144,114.558,1083.22
UMv1,threaded,strong,1,1048576,262144,125.877,1082.36
UMv1,threaded,strong,1,1048576,262144,113.536,1084.62
UMv1,streamed,strong,1,1048576,262144,3.41883,1087.48
UMv1,streamed,strong,1,1048576,262144,3.38883,1088.41
UMv1,streamed,strong,1,1048576,262144,3.3698,1084.73
UMv1,streamed,strong,1,1048576,262144,3.39372,1088.93
UMv1,streamed,strong,1,1048576,262144,3.42811,1089.79
UMv1,threaded,weak,1,16777216,262144,114.26,17691.5
UMv1,threaded,weak,1,16777216,262144,116.787,17714.2
UMv1,threaded,weak,1,16777216,262144,113.256,17758.5
UMv1,threaded,weak,1,16777216,262144,113.044,17780.8
UMv1,threaded,weak,1,16777216,262144,113.422,17784.8
UMv1,streamed,weak,1,16777216,262144,3.51558,17807.3
UMv1,streamed,weak,1,16777216,262144,3.39082,17799.2
UMv1,streamed,weak,1,16777216,262144,3.39752,17814.2
UMv1,streamed,weak,1,16777216,262144,3.72341,17823.6
UMv1,streamed,weak,1,16777216,262144,3.4703,17813.6
UMv1,threaded,strong,1,16777216,262144,115.844,17825
UMv1,threaded,strong,1,16777216,262144,115.608,17824.3
UMv1,threaded,strong,1,16777216,262144,115.204,17839
UMv1,threaded,strong,1,16777216,262144,115.335,17747.9
UMv1,threaded,strong,1,16777216,262144,115.522,17795.9
UMv1,streamed,strong,1,16777216,262144,3.78287,17840
UMv1,streamed,strong,1,16777216,262144,3.39456,17815.1
UMv1,streamed,strong,1,16777216,262144,3.48357,17811.7
UMv1,streamed,strong,1,16777216,262144,3.78744,17825.8
UMv1,streamed,strong,1,16777216,262144,3.33275,17765.5
UMv1,threaded,weak,1,67108864,262144,122.171,71225.5
UMv1,threaded,weak,1,67108864,262144,118.137,71202.2
UMv1,threaded,weak,1,67108864,262144,126.236,71312
UMv1,threaded,weak,1,67108864,262144,128.323,71919
UMv1,threaded,weak,1,67108864,262144,119.409,71201.7
UMv1,streamed,weak,1,67108864,262144,3.79024,71200.7
UMv1,streamed,weak,1,67108864,262144,3.77926,71206
UMv1,streamed,weak,1,67108864,262144,3.7556,71205.7
UMv1,streamed,weak,1,67108864,262144,3.76761,71200.7
UMv1,streamed,weak,1,67108864,262144,3.77831,71208
UMv1,threaded,strong,1,67108864,262144,120.835,71213
UMv1,threaded,strong,1,67108864,262144,120.583,71237.4
UMv1,threaded,strong,1,67108864,262144,119.033,71185.9
UMv1,threaded,strong,1,67108864,262144,118.737,71201.4
UMv1,threaded,strong,1,67108864,262144,118.717,71277.4
UMv1,streamed,strong,1,67108864,262144,3.8024,71236
UMv1,streamed,strong,1,67108864,262144,3.73026,71218
UMv1,streamed,strong,1,67108864,262144,3.73969,71210.6
UMv1,streamed,strong,1,67108864,262144,3.79829,71214.7
UMv1,streamed,strong,1,67108864,262144,3.78885,71230
UMv1,threaded,weak,2,524288,262144,184.859,276.768
UMv1,threaded,weak,2,524288,262144,184.85,276.186
UMv1,threaded,weak,2,524288,262144,186.184,279.26
UMv1,threaded,weak,2,524288,262144,183.226,284.063
UMv1,threaded,weak,2,524288,262144,204.672,278.347
UMv1,streamed,weak,2,524288,262144,4.31072,286.424
UMv1,streamed,weak,2,524288,262144,4.28203,284.23
UMv1,streamed,weak,2,524288,262144,4.33872,287.012
UMv1,streamed,weak,2,524288,262144,4.31228,288.236
UMv1,streamed,weak,2,524288,262144,4.30968,287.748
UMv1,threaded,strong,2,262144,262144,180.535,138.42
UMv1,threaded,strong,2,262144,262144,194.409,139.347
UMv1,threaded,strong,2,262144,262144,180.72,138.838
UMv1,threaded,strong,2,262144,262144,184.574,138.404
UMv1,threaded,strong,2,262144,262144,200.753,141.171
UMv1,streamed,strong,2,262144,262144,4.33265,143.563
UMv1,streamed,strong,2,262144,262144,4.43443,144.254
UMv1,streamed,strong,2,262144,262144,4.3595,145.033
UMv1,streamed,strong,2,262144,262144,4.3216,145.209
UMv1,streamed,strong,2,262144,262144,4.37486,143.506
UMv1,threaded,weak,2,2097152,262144,184.346,1109.03
UMv1,threaded,weak,2,2097152,262144,192.664,1108.21
UMv1,threaded,weak,2,2097152,262144,183.969,1110.73
UMv1,threaded,weak,2,2097152,262144,195.582,1110.79
UMv1,threaded,weak,2,2097152,262144,207.693,1111.96
UMv1,streamed,weak,2,2097152,262144,4.28419,1142.86
UMv1,streamed,weak,2,2097152,262144,4.36307,1140.86
UMv1,streamed,weak,2,2097152,262144,4.28337,1140.95
UMv1,streamed,weak,2,2097152,262144,4.32327,1140.87
UMv1,streamed,weak,2,2097152,262144,4.31603,1145.07
UMv1,threaded,strong,2,1048576,262144,197.193,560.615
UMv1,threaded,strong,2,1048576,262144,186.393,557.345
UMv1,threaded,strong,2,1048576,262144,192.486,559.587
UMv1,threaded,strong,2,1048576,262144,201.69,557.221
UMv1,threaded,strong,2,1048576,262144,194.561,557.208
UMv1,streamed,strong,2,1048576,262144,4.27375,571.909
UMv1,streamed,strong,2,1048576,262144,4.34786,574.81
UMv1,streamed,strong,2,1048576,262144,4.31506,573.332
UMv1,streamed,strong,2,1048576,262144,4.32116,571.627
UMv1,streamed,strong,2,1048576,262144,4.32452,573.066
UMv1,threaded,weak,2,33554432,262144,184.518,17573.4
UMv1,threaded,weak,2,33554432,262144,205.32,17750.8
UMv1,threaded,weak,2,33554432,262144,182.258,17836.5
UMv1,threaded,weak,2,33554432,262144,187.62,17824.8
UMv1,threaded,weak,2,33554432,262144,194.032,17775
UMv1,streamed,weak,2,33554432,262144,4.43225,17993.8
UMv1,streamed,weak,2,33554432,262144,4.76727,18149.7
UMv1,streamed,weak,2,33554432,262144,4.39736,18104.4
UMv1,streamed,weak,2,33554432,262144,4.8061,18172.8
UMv1,streamed,weak,2,33554432,262144,4.44374,18202.7
UMv1,threaded,strong,2,16777216,262144,199.266,8786.32
UMv1,threaded,strong,2,16777216,262144,182.649,8827.87
UMv1,threaded,strong,2,16777216,262144,188.35,8833.54
UMv1,threaded,strong,2,16777216,262144,180.007,8864.42
UMv1,threaded,strong,2,16777216,262144,184.811,8906.43
UMv1,streamed,strong,2,16777216,262144,4.3558,9098.94
UMv1,streamed,strong,2,16777216,262144,4.74081,9102.26
UMv1,streamed,strong,2,16777216,262144,4.38447,9123.66
UMv1,streamed,strong,2,16777216,262144,4.37229,9119.99
UMv1,streamed,strong,2,16777216,262144,4.68941,9091.46
UMv1,threaded,weak,2,134217728,262144,212.303,70711.8
UMv1,threaded,weak,2,134217728,262144,573.317,70634.9
UMv1,threaded,weak,2,134217728,262144,196.653,70700.3
UMv1,threaded,weak,2,134217728,262144,191.157,70678.6
UMv1,threaded,weak,2,134217728,262144,195.399,70712.1
UMv1,streamed,weak,2,134217728,262144,4.77253,72430.7
UMv1,streamed,weak,2,134217728,262144,4.75156,72422.3
UMv1,streamed,weak,2,134217728,262144,4.80455,72611.5
UMv1,streamed,weak,2,134217728,262144,4.79403,72431.1
UMv1,streamed,weak,2,134217728,262144,5.08653,72462.7
UMv1,threaded,strong,2,67108864,262144,195.855,35204.2
UMv1,threaded,strong,2,67108864,262144,216.16,35505.8
UMv1,threaded,strong,2,67108864,262144,210.482,35725.2
UMv1,threaded,strong,2,67108864,262144,207.049,35481.1
UMv1,threaded,strong,2,67108864,262144,190.227,35261.2
UMv1,streamed,strong,2,67108864,262144,4.7313,36255.3
UMv1,streamed,strong,2,67108864,262144,4.7833,36330.8
UMv1,streamed,strong,2,67108864,262144,4.85196,36166.8
UMv1,streamed,strong,2,67108864,262144,4.74959,36354.4
UMv1,streamed,strong,2,67108864,262144,4.762,36278.1
UMv0,threaded,weak,1,262144,262144,120.823,268.263
UMv0,threaded,weak,1,262144,262144,121.438,268.263
UMv0,threaded,weak,1,262144,262144,120.085,268.171
UMv0,threaded,weak,1,262144,262144,119.737,268.344
UMv0,threaded,weak,1,262144,262144,119.316,268.032
UMv0,streamed,weak,1,262144,262144,7.00696,268.188
UMv0,streamed,weak,1,262144,262144,7.17149,268.198
UMv0,streamed,weak,1,262144,262144,6.96286,268.237
UMv0,streamed,weak,1,262144,262144,7.06853,268.249
UMv0,streamed,weak,1,262144,262144,7.18976,268.294
UMv0,threaded,strong,1,262144,262144,119.309,268.217
UMv0,threaded,strong,1,262144,262144,119.524,268.857
UMv0,threaded,strong,1,262144,262144,121.032,268.316
UMv0,threaded,strong,1,262144,262144,122.998,268.567
UMv0,threaded,strong,1,262144,262144,119.822,268.155
UMv0,streamed,strong,1,262144,262144,6.98512,268.173
UMv0,streamed,strong,1,262144,262144,6.92616,268.182
UMv0,streamed,strong,1,262144,262144,7.0845,268.537
UMv0,streamed,strong,1,262144,262144,7.46748,268.167
UMv0,streamed,strong,1,262144,262144,7.20582,268.15
UMv0,threaded,weak,1,1048576,262144,119.596,1079.48
UMv0,threaded,weak,1,1048576,262144,119.406,1076.35
UMv0,threaded,weak,1,1048576,262144,120.555,1076.87
UMv0,threaded,weak,1,1048576,262144,120.231,1076.42
UMv0,threaded,weak,1,1048576,262144,120.476,1076.23
UMv0,streamed,weak,1,1048576,262144,7.06824,1081.34
UMv0,streamed,weak,1,1048576,262144,7.31143,1078.07
UMv0,streamed,weak,1,1048576,262144,7.05858,1084.53
UMv0,streamed,weak,1,1048576,262144,6.96967,1082.36
UMv0,streamed,weak,1,1048576,262144,7.3584,1084.15
UMv0,threaded,strong,1,1048576,262144,119.913,1085.06
UMv0,threaded,strong,1,1048576,262144,120.556,1085.63
UMv0,threaded,strong,1,1048576,262144,121.177,1085.15
UMv0,threaded,strong,1,1048576,262144,119.731,1086.79
UMv0,threaded,strong,1,1048576,262144,121.126,1087.27
UMv0,streamed,strong,1,1048576,262144,7.09754,1088.12
UMv0,streamed,strong,1,1048576,262144,7.03917,1091.53
UMv0,streamed,strong,1,1048576,262144,6.9884,1098.45
UMv0,streamed,strong,1,1048576,262144,7.09143,1093.4
UMv0,streamed,strong,1,1048576,262144,7.28529,1094.7
UMv0,threaded,weak,1,16777216,262144,118.015,17766.8
UMv0,threaded,weak,1,16777216,262144,118.548,17769.7
UMv0,threaded,weak,1,16777216,262144,117.772,17803.5
UMv0,threaded,weak,1,16777216,262144,117.955,17826.3
UMv0,threaded,weak,1,16777216,262144,118.756,17820.4
UMv0,streamed,weak,1,16777216,262144,7.27272,17823.9
UMv0,streamed,weak,1,16777216,262144,7.1123,17850.6
UMv0,streamed,weak,1,16777216,262144,7.29555,17841.7
UMv0,streamed,weak,1,16777216,262144,7.27064,17839.2
UMv0,streamed,weak,1,16777216,262144,7.2498,17846.9
UMv0,threaded,strong,1,16777216,262144,119.557,17823.6
UMv0,threaded,strong,1,16777216,262144,119.254,17831.6
UMv0,threaded,strong,1,16777216,262144,119.337,17850.3
UMv0,threaded,strong,1,16777216,262144,118.253,17839.1
UMv0,threaded,strong,1,16777216,262144,119.281,17837.7
UMv0,streamed,strong,1,16777216,262144,7.17501,17838.8
UMv0,streamed,strong,1,16777216,262144,7.16602,17843.6
UMv0,streamed,strong,1,16777216,262144,7.33042,17847
UMv0,streamed,strong,1,16777216,262144,7.07629,17847.8
UMv0,streamed,strong,1,16777216,262144,7.03686,17824.2
UMv0,threaded,weak,1,67108864,262144,127.529,71342.1
UMv0,threaded,weak,1,67108864,262144,125.537,71364.2
UMv0,threaded,weak,1,67108864,262144,135.945,71610.7
UMv0,threaded,weak,1,67108864,262144,124.022,72093.5
UMv0,threaded,weak,1,67108864,262144,133.31,71393.1
UMv0,streamed,weak,1,67108864,262144,7.53666,72694.6
UMv0,streamed,weak,1,67108864,262144,7.42606,71388.2
UMv0,streamed,weak,1,67108864,262144,7.42541,71395.2
UMv0,streamed,weak,1,67108864,262144,7.50279,71359.7
UMv0,streamed,weak,1,67108864,262144,7.45481,71343.6
UMv0,threaded,strong,1,67108864,262144,122.465,71333.9
UMv0,threaded,strong,1,67108864,262144,122.915,71327.8
UMv0,threaded,strong,1,67108864,262144,122.991,71349.5
UMv0,threaded,strong,1,67108864,262144,123.198,71339.9
UMv0,threaded,strong,1,67108864,262144,122.823,71344.7
UMv0,streamed,strong,1,67108864,262144,7.43694,71338
UMv0,streamed,strong,1,67108864,262144,7.04683,71350.7
UMv0,streamed,strong,1,67108864,262144,7.24213,71412.6
UMv0,streamed,strong,1,67108864,262144,7.2951,71456.1
UMv0,streamed,strong,1,67108864,262144,7.46233,71350.2
UMv0,threaded,weak,2,524288,262144,193.21,277.126
UMv0,threaded,weak,2,524288,262144,186.956,277.466
UMv0,threaded,weak,2,524288,262144,192.172,276.892
UMv0,threaded,weak,2,524288,262144,189.871,280.593
UMv0,threaded,weak,2,524288,262144,205.523,278.922
UMv0,streamed,weak,2,524288,262144,7.9899,285.978
UMv0,streamed,weak,2,524288,262144,8.05436,288.818
UMv0,streamed,weak,2,524288,262144,9.77418,286.153
UMv0,streamed,weak,2,524288,262144,9.80583,286.748
UMv0,streamed,weak,2,524288,262144,9.56499,307.902
UMv0,threaded,strong,2,262144,262144,189.01,141.534
UMv0,threaded,strong,2,262144,262144,189.683,141.033
UMv0,threaded,strong,2,262144,262144,187.471,140.633
UMv0,threaded,strong,2,262144,262144,196.345,140.949
UMv0,threaded,strong,2,262144,262144,186.681,140.615
UMv0,streamed,strong,2,262144,262144,7.9865,144.061
UMv0,streamed,strong,2,262144,262144,7.93595,143.902
UMv0,streamed,strong,2,262144,262144,8.03086,144.408
UMv0,streamed,strong,2,262144,262144,8.05133,145.368
UMv0,streamed,strong,2,262144,262144,7.54806,144.179
UMv0,threaded,weak,2,2097152,262144,188.83,1109.33
UMv0,threaded,weak,2,2097152,262144,224.473,1108.11
UMv0,threaded,weak,2,2097152,262144,213.691,1110.87
UMv0,threaded,weak,2,2097152,262144,201.204,1109.03
UMv0,threaded,weak,2,2097152,262144,197.399,1111.55
UMv0,streamed,weak,2,2097152,262144,9.64292,1149.68
UMv0,streamed,weak,2,2097152,262144,9.51436,1145.35
UMv0,streamed,weak,2,2097152,262144,9.56196,1145.09
UMv0,streamed,weak,2,2097152,262144,7.75781,1146.97
UMv0,streamed,weak,2,2097152,262144,9.2294,1148.06
UMv0,threaded,strong,2,1048576,262144,200.093,554.159
UMv0,threaded,strong,2,1048576,262144,201.962,560.149
UMv0,threaded,strong,2,1048576,262144,201.791,556.786
UMv0,threaded,strong,2,1048576,262144,202.545,555.983
UMv0,threaded,strong,2,1048576,262144,224.822,556.196
UMv0,streamed,strong,2,1048576,262144,7.80708,572.682
UMv0,streamed,strong,2,1048576,262144,7.913,573.91
UMv0,streamed,strong,2,1048576,262144,8.00011,574.094
UMv0,streamed,strong,2,1048576,262144,7.7375,573.137
UMv0,streamed,strong,2,1048576,262144,8.06446,570.989
UMv0,threaded,weak,2,33554432,262144,187.256,17880.2
UMv0,threaded,weak,2,33554432,262144,216.436,17946.6
UMv0,threaded,weak,2,33554432,262144,201.624,18026
UMv0,threaded,weak,2,33554432,262144,227.968,17944.8
UMv0,threaded,weak,2,33554432,262144,189.039,17669.5
UMv0,streamed,weak,2,33554432,262144,8.09656,18328.4
UMv0,streamed,weak,2,33554432,262144,8.05796,18320.5
UMv0,streamed,weak,2,33554432,262144,7.61455,18347
UMv0,streamed,weak,2,33554432,262144,8.20023,18258.8
UMv0,streamed,weak,2,33554432,262144,8.06226,18312.6
UMv0,threaded,strong,2,16777216,262144,186.169,8878.79
UMv0,threaded,strong,2,16777216,262144,196.564,8866.23
UMv0,threaded,strong,2,16777216,262144,185.309,8866.45
UMv0,threaded,strong,2,16777216,262144,211.615,8863.87
UMv0,threaded,strong,2,16777216,262144,188.123,8927.64
UMv0,streamed,strong,2,16777216,262144,9.90382,9149.28
UMv0,streamed,strong,2,16777216,262144,8.62251,9140.44
UMv0,streamed,strong,2,16777216,262144,7.36914,9129.77
UMv0,streamed,strong,2,16777216,262144,7.87547,9156.4
UMv0,streamed,strong,2,16777216,262144,7.97448,9124.52
UMv0,threaded,weak,2,134217728,262144,194.002,70862.4
UMv0,threaded,weak,2,134217728,262144,196.186,70977.3
UMv0,threaded,weak,2,134217728,262144,219.105,70964
UMv0,threaded,weak,2,134217728,262144,220.569,71021.1
UMv0,threaded,weak,2,134217728,262144,191.746,70951.8
UMv0,streamed,weak,2,134217728,262144,8.34051,72945.6
UMv0,streamed,weak,2,134217728,262144,8.08712,75711.6
UMv0,streamed,weak,2,134217728,262144,8.22147,72912.2
UMv0,streamed,weak,2,134217728,262144,8.18583,72968.8
UMv0,streamed,weak,2,134217728,262144,7.90672,73009.7
UMv0,threaded,strong,2,67108864,262144,196.192,35351.7
UMv0,threaded,strong,2,67108864,262144,205.766,35593.4
UMv0,threaded,strong,2,67108864,262144,202.389,35417
UMv0,threaded,strong,2,67108864,262144,190.894,35283.2
UMv0,threaded,strong,2,67108864,262144,201.002,35616.4
UMv0,streamed,strong,2,67108864,262144,7.81682,36352.9
UMv0,streamed,strong,2,67108864,262144,8.25884,36557.9
UMv0,streamed,strong,2,67108864,262144,8.01288,36378.5
UMv0,streamed,strong,2,67108864,262144,8.20461,36602.8
UMv0,streamed,strong,2,67108864,262144,10.0687,36392.2
